Title,Id
down_01.jpg,0
down_02.jpg,0
down_03.jpg,0
down_04.jpg,0
down_05.jpg,0
down_06.jpg,0
down_07.jpg,0
down_08.jpg,0
down_09.jpg,0
down_10.jpg,0
down_11.jpg,0
down_12.jpg,0
down_13.jpg,0
down_14.jpg,0
down_15.jpg,0
down_16.jpg,0
down_17.jpg,0
down_18.jpg,0
down_19.jpg,0
down_20.jpg,0
down_21.jpg,0
down_22.jpg,0
down_23.jpg,0
down_24.jpg,0
down_25.jpg,0
down_26.jpg,0
down_27.jpg,0
down_28.jpg,0
down_29.jpg,0
down_30.jpg,0
down_31.jpg,0
down_32.jpg,0
down_33.jpg,0
down_34.jpg,0
down_35.jpg,0
down_36.jpg,0
down_37.jpg,0
down_38.jpg,0
down_39.jpg,0
down_40.jpg,0
down_41.jpg,0
down_42.jpg,0
down_43.jpg,0
down_44.jpg,0
down_45.jpg,0
down_46.jpg,0
down_47.jpg,0
down_48.jpg,0
down_49.jpg,0
down_50.jpg,0
down_51.jpg,0
down_52.jpg,0
down_53.jpg,0
down_54.jpg,0
down_55.jpg,0
down_56.jpg,0
down_57.jpg,0
down_58.jpg,0
down_59.jpg,0
down_60.jpg,0
down_61.jpg,0
down_62.jpg,0
down_63.jpg,0
down_64.jpg,0
left_01.jpg,1
left_02.jpg,1
left_03.jpg,1
left_04.jpg,1
left_05.jpg,1
left_06.jpg,1
left_07.jpg,1
left_08.jpg,1
left_09.jpg,1
left_10.jpg,1
left_11.jpg,1
left_12.jpg,1
left_13.jpg,1
left_14.jpg,1
left_15.jpg,1
left_16.jpg,1
left_17.jpg,1
left_18.jpg,1
left_19.jpg,1
left_20.jpg,1
left_21.jpg,1
left_22.jpg,1
left_23.jpg,1
left_24.jpg,1
left_25.jpg,1
left_26.jpg,1
left_27.jpg,1
left_28.jpg,1
left_29.jpg,1
left_30.jpg,1
left_31.jpg,1
left_32.jpg,1
left_33.jpg,1
left_34.jpg,1
left_35.jpg,1
left_36.jpg,1
left_37.jpg,1
left_38.jpg,1
left_39.jpg,1
left_40.jpg,1
left_41.jpg,1
left_42.jpg,1
left_43.jpg,1
left_44.jpg,1
left_45.jpg,1
left_46.jpg,1
left_47.jpg,1
left_48.jpg,1
left_49.jpg,1
left_50.jpg,1
left_51.jpg,1
left_52.jpg,1
left_53.jpg,1
left_54.jpg,1
left_55.jpg,1
left_56.jpg,1
left_57.jpg,1
left_58.jpg,1
left_59.jpg,1
left_60.jpg,1
left_61.jpg,1
left_62.jpg,1
left_63.jpg,1
right_01.jpg,2
right_02.jpg,2
right_03.jpg,2
right_04.jpg,2
right_05.jpg,2
right_06.jpg,2
right_07.jpg,2
right_08.jpg,2
right_09.jpg,2
right_10.jpg,2
right_11.jpg,2
right_12.jpg,2
right_13.jpg,2
right_14.jpg,2
right_15.jpg,2
right_16.jpg,2
right_17.jpg,2
right_18.jpg,2
right_19.jpg,2
right_20.jpg,2
right_21.jpg,2
right_22.jpg,2
right_23.jpg,2
right_24.jpg,2
right_25.jpg,2
right_26.jpg,2
right_27.jpg,2
right_28.jpg,2
right_29.jpg,2
right_30.jpg,2
right_31.jpg,2
right_32.jpg,2
right_33.jpg,2
right_34.jpg,2
right_35.jpg,2
right_36.jpg,2
right_37.jpg,2
right_38.jpg,2
right_39.jpg,2
right_40.jpg,2
right_41.jpg,2
right_42.jpg,2
right_43.jpg,2
right_44.jpg,2
right_45.jpg,2
right_46.jpg,2
right_47.jpg,2
right_48.jpg,2
right_49.jpg,2
right_50.jpg,2
right_51.jpg,2
right_52.jpg,2
right_53.jpg,2
right_54.jpg,2
right_55.jpg,2
right_56.jpg,2
right_57.jpg,2
right_58.jpg,2
right_59.jpg,2
right_60.jpg,2
right_61.jpg,2
right_62.jpg,2
right_63.jpg,2
right_64.jpg,2
right_65.jpg,2
right_66.jpg,2
up_01.jpg,3
up_02.jpg,3
up_03.jpg,3
up_04.jpg,3
up_05.jpg,3
up_06.jpg,3
up_07.jpg,3
up_08.jpg,3
up_09.jpg,3
up_10.jpg,3
up_11.jpg,3
up_12.jpg,3
up_13.jpg,3
up_14.jpg,3
up_15.jpg,3
up_16.jpg,3
up_17.jpg,3
up_18.jpg,3
up_19.jpg,3
up_20.jpg,3
up_21.jpg,3
up_22.jpg,3
up_23.jpg,3
up_24.jpg,3
up_25.jpg,3
up_26.jpg,3
up_27.jpg,3
up_28.jpg,3
up_29.jpg,3
up_30.jpg,3
up_31.jpg,3
up_32.jpg,3
up_33.jpg,3
up_34.jpg,3
up_35.jpg,3
up_36.jpg,3
up_37.jpg,3
up_38.jpg,3
up_39.jpg,3
up_40.jpg,3
up_41.jpg,3
up_42.jpg,3
up_43.jpg,3
up_44.jpg,3
up_45.jpg,3
up_46.jpg,3
up_47.jpg,3
up_48.jpg,3
up_49.jpg,3
up_50.jpg,3
up_51.jpg,3
up_52.jpg,3
up_53.jpg,3
up_54.jpg,3
up_55.jpg,3
up_56.jpg,3
up_57.jpg,3
up_58.jpg,3
up_59.jpg,3
up_60.jpg,3
up_61.jpg,3
up_62.jpg,3
